﻿<?xml version="1.0" encoding="UTF-8"?>
<ICONSIZE>
  <width>46</width>
  <height>46</height>
  <calendar>false</calendar>
  <leftoffset>0</leftoffset>
  <topoffset>-1</topoffset>
  <foldericonsize>0</foldericonsize>
  <calendartweek>true</calendartweek>
  <weektextsize>20</weektextsize>
  <weektextcolor>0</weektextcolor>
  <weekleftoffset>0</weekleftoffset>
  <weektopoffset>10</weektopoffset>
  <calendarmonth>true</calendarmonth>
  <monthtextsize>50</monthtextsize>
  <monthtextcolor>2368548</monthtextcolor>
  <monthtextshadowcolor>-1</monthtextshadowcolor>
  <monthtextshadowy>0</monthtextshadowy>
  <monthleftoffset>0</monthleftoffset>
  <monthtopoffset>8</monthtopoffset>
	<favoritereflection>true</favoritereflection>
  <favoritetitlemargintop>6</favoritetitlemargintop>
  <favoritereflectionmargintop>-26</favoritereflectionmargintop>
</ICONSIZE>
